severity_score,code_complexity,lines_changed,developer_feedbacks,test_coverage,past_acceptance_rate,contains_security_fix,review_time,feedback_score,priority,accepted
7,9,485,5,0.3666830555682384,0.3212554972701389,1,44.68312085832517,3.6,high,0
4,1,115,3,0.7564862718713065,0.2750055365164453,0,40.601813364276374,5.0,medium,0
8,1,108,4,0.5185036396875129,0.66173822663004,0,32.60276795705598,4.7,critical,0
5,4,320,5,0.5793321622959777,0.9017107532091233,1,7.108002822326657,4.6,medium,0
7,9,175,0,0.9005903777458939,0.5470404098038175,1,12.57599072806304,5.0,high,1
10,6,464,4,0.30632128289068516,0.32867853916619694,0,42.086783261249266,3.9,critical,0
3,3,496,5,0.7118888433384238,0.6464338601191737,0,9.183343741202773,4.6,low,0
7,1,360,4,0.7190997860700752,0.8494017734925678,0,13.725871891895641,5.0,high,0
8,4,328,3,0.5776618434404934,0.7933696492103441,0,6.6560309317834925,5.0,critical,0
5,9,137,0,0.4659194999758353,0.9051606237400172,1,32.61514099218453,5.0,medium,0
4,3,380,3,0.46427182678308576,0.4223216777990943,0,45.33915950475246,4.9,medium,0
8,9,297,0,0.9185967687625267,0.3551630938142199,1,13.275981500780833,5.0,critical,0
8,7,332,1,0.6094170616480002,0.903853188753551,1,23.081813872878502,5.0,critical,1
3,4,131,5,0.5316225540924203,0.7260482502224186,1,30.631137636282205,4.3,low,0
6,3,110,0,0.6141443016819821,0.44874314400604337,0,47.97464679024246,5.0,high,0
5,10,96,3,0.7685732810215529,0.7938784404580075,0,5.4783830873846755,5.0,medium,0
2,5,291,4,0.4020295977713262,0.8520947075842944,1,24.182112976521186,4.7,low,0
8,5,382,0,0.6146036846496163,0.6919825922729059,1,18.79320569536875,5.0,critical,1
6,3,397,5,0.7115190597772708,0.7503072879039321,1,41.62645784806187,4.7,high,0
2,9,55,0,0.9640083483960036,0.500207923554133,0,23.108467223053655,5.0,low,1
5,4,33,2,0.4767694474527935,0.6309565338744313,1,5.771432417794534,5.0,medium,0
1,5,466,4,0.5514755235413719,0.6193273365809298,0,30.635146901112723,4.7,low,0
10,4,300,5,0.5655510129456967,0.8784382329046176,1,37.11207936753429,4.5,critical,0
6,5,301,5,0.7238767103514179,0.871971184225746,1,0.6368594541166932,4.8,high,0
9,7,218,1,0.5497124371280011,0.8661443754776346,1,41.300442557479904,5.0,critical,0
1,9,271,3,0.6734583477097869,0.20882529140997264,0,9.336092500269118,5.0,low,0
10,7,411,1,0.8472532308915206,0.7996363875751107,0,26.72329482103545,5.0,critical,0
3,5,261,5,0.7937699158785425,0.8069411120888039,1,20.250381282653883,4.9,low,0
7,10,306,4,0.6124580525588099,0.7427030582841134,0,34.683556289000194,5.0,high,0
4,10,105,0,0.9049513243719183,0.8050117263131622,1,18.130176702322736,5.0,medium,1
9,7,409,0,0.6906981747157039,0.8735762971973671,0,41.813750892381265,5.0,critical,0
3,10,350,4,0.6779340876515487,0.5762552432814285,0,35.19857714554254,4.9,low,0
5,5,114,5,0.3239314361574107,0.6016401707907577,0,31.26637562548877,3.7,medium,0
3,3,424,0,0.990685086250013,0.2997712455291124,1,38.32142828923558,5.0,low,0
7,7,186,0,0.38607956597073867,0.5083007064378895,0,36.31609415909816,5.0,high,0
5,2,475,0,0.4617916386993526,0.7146921439294276,0,2.2070870587737836,5.0,medium,0
9,9,317,3,0.33618778606906885,0.8243198209178197,1,19.249881807629336,5.0,critical,0
7,10,5,3,0.7480020767858395,0.37376727815296845,1,44.713346622533265,5.0,high,0
2,10,323,2,0.45729082388087594,0.31025831932738834,1,6.471902777130746,5.0,low,0
4,1,442,1,0.42600730623090644,0.7304336036003938,1,35.51208614552243,5.0,medium,0
9,6,59,4,0.36198890895626895,0.20150390681992852,0,46.79311103842816,3.9,critical,0
2,7,375,4,0.37231626998681094,0.34269806744586384,0,2.9794348796361527,4.1,low,0
10,8,428,4,0.709269490309812,0.223257104275163,0,32.904209329763994,4.6,critical,0
9,10,403,2,0.7817455061066167,0.3335080942838967,0,22.737321711798945,5.0,critical,0
10,9,153,3,0.5781652919250806,0.3450554239404042,0,28.0108246302993,5.0,critical,0
5,2,435,5,0.6359279571144512,0.5101388758003154,1,4.55371348300543,4.3,medium,0
2,10,461,5,0.7801774151880888,0.5218616997492448,0,2.5428302136796255,4.6,low,0
4,2,313,2,0.31216585312983575,0.8994099764881902,0,32.17616637616878,5.0,medium,0
7,5,141,5,0.5261914599491949,0.6080877699990601,0,39.6071979164841,4.2,high,0
8,5,206,4,0.9811684236492424,0.778723812489829,1,37.64572840931594,5.0,critical,0
3,6,440,1,0.7060785607868276,0.28330988633623,1,26.330772073646276,5.0,low,0
1,3,317,0,0.47795720592824525,0.3803510043709551,0,5.243674003968463,5.0,low,0
4,8,121,3,0.6652110326453491,0.7623547527829415,1,33.18211108221065,5.0,medium,0
2,1,158,3,0.5398574416846407,0.2422431683748225,1,11.989721968821932,4.8,low,0
8,6,429,2,0.6725714921784094,0.5892781297950025,1,43.77576338145072,5.0,critical,1
4,4,295,3,0.38801905826465416,0.6794951725303471,1,40.31760457842098,5.0,medium,0
2,1,67,4,0.3929002576734941,0.6817165152419848,1,34.19569093665107,4.5,low,0
6,7,248,5,0.40047965342757497,0.21834624901443364,1,45.5701829019787,3.5,high,0
6,9,29,4,0.9578738543487892,0.45768640338334843,1,1.992536521785464,5.0,high,0
10,4,94,2,0.8130292428389392,0.7091925208393233,0,35.46952019038619,5.0,critical,0
4,4,79,4,0.4136673262636246,0.31919978891939477,0,16.186532018479255,4.1,medium,0
6,6,298,5,0.43184435863592097,0.7563325186624426,1,43.53812957010235,4.1,high,0
2,3,390,1,0.8115806324096133,0.7967401670509398,0,13.167071841443935,5.0,low,1
10,6,395,2,0.40931469135452175,0.9855753523569162,0,34.93068371746331,5.0,critical,0
2,7,214,1,0.46419290533438007,0.3678735958851276,1,42.188233433412115,5.0,low,0
10,10,479,0,0.9743427829742792,0.8601045341328921,0,2.4786988731774153,5.0,critical,0
4,10,422,1,0.47871456730990225,0.6162372615349232,1,19.388260030621716,5.0,medium,0
8,3,351,0,0.7631426452598027,0.49877007691533876,1,36.709679021042085,5.0,critical,0
7,7,21,0,0.9850419011803713,0.29790140586014235,1,22.108647251610385,5.0,high,0
9,3,132,1,0.5620077369978549,0.78840448519003,0,13.194499915195777,5.0,critical,0
8,2,431,2,0.31226119360344357,0.3886860793149497,0,10.940754069101526,5.0,critical,0
5,10,447,5,0.470903103295662,0.4971376014984366,0,6.7471176785279505,3.9,medium,0
2,4,368,4,0.8816140339391938,0.2500337815178948,0,41.21365409317341,5.0,low,0
5,8,255,4,0.9052261851685257,0.8410935326556153,1,27.82938165444891,5.0,medium,0
8,9,183,5,0.8379635551666538,0.8132708191773148,1,4.128284887094159,5.0,critical,0
10,7,186,0,0.3791768733536011,0.78689266403385,0,18.672565369605184,5.0,critical,0
9,1,156,0,0.8568572601874822,0.43955480839350936,1,17.96734841324272,5.0,critical,0
9,3,29,2,0.9430744578954529,0.3387840594127658,1,9.132611558699491,5.0,critical,0
1,9,459,3,0.7204266797823653,0.7100426115761838,0,21.18661220992906,5.0,low,0
9,1,184,1,0.9586127494366454,0.5969331072905756,1,16.27471985617398,5.0,critical,0
7,9,202,0,0.8787872185983141,0.34260197352371324,0,16.73567601087867,5.0,high,0
9,8,348,4,0.7668800618936351,0.748729016839891,1,35.60376149492804,5.0,critical,0
8,1,165,2,0.7040296656982237,0.9929011454570429,0,11.105010811496825,5.0,critical,1
1,6,181,1,0.5440015670693793,0.7977756701936303,1,30.988348045629383,5.0,low,0
8,5,289,2,0.41150121166996356,0.7919891093484894,1,27.605857134344408,5.0,critical,0
8,6,67,1,0.7234677458833785,0.9602502023444734,0,27.484394336048695,5.0,critical,1
3,10,495,1,0.5226780875326836,0.3623490940599218,0,31.992848941734355,5.0,low,0
1,5,154,5,0.9065070672693518,0.6524399719371523,0,26.548146719293563,5.0,low,0
8,6,158,0,0.9953358561510399,0.9837173720271069,0,42.26461795520327,5.0,critical,1
3,5,160,2,0.8266994338309008,0.3322352887761396,1,32.59005436763734,5.0,low,0
3,5,374,2,0.3633371867009355,0.7602015675556169,1,26.480754440140934,5.0,low,0
1,4,473,5,0.5020799168714467,0.6686481167775216,0,39.91374821366313,4.2,low,0
5,3,53,4,0.3763767422360248,0.6691832737509655,1,29.291961834340288,4.4,medium,0
10,3,459,4,0.755358153454201,0.7581365020160602,0,14.329351769796002,5.0,critical,0
7,4,341,0,0.8356336051890492,0.9436935383005474,0,10.337008613387132,5.0,high,1
10,9,88,0,0.9479723816164982,0.8260655518810704,1,7.735569818977242,5.0,critical,0
9,2,365,3,0.6067206424883913,0.24490888273296801,1,43.224122595939825,5.0,critical,0
7,9,181,5,0.9309629547119109,0.8821824159005691,0,34.231433010408125,5.0,high,0
9,1,152,4,0.9145238113289291,0.3804330639405861,0,45.02547581280523,5.0,critical,0
8,1,122,1,0.5220370017357789,0.5015313317890976,0,29.15636077145979,5.0,critical,0
2,5,346,2,0.9082304378783996,0.5693862508899057,1,22.986541871008345,5.0,low,1
1,6,480,0,0.5629705763172085,0.5847248006024557,1,3.336533226117243,5.0,low,0
7,6,67,2,0.5078084921921966,0.5481443194042854,1,32.403008373436414,5.0,high,0
7,3,193,2,0.7543522611560751,0.9498826353726917,1,28.15491608899098,5.0,high,1
8,7,364,3,0.5298668595195567,0.7648152061312197,0,47.534922445412015,5.0,critical,0
5,9,53,4,0.7411461238304009,0.7049365167653652,0,11.860041944656544,5.0,medium,0
3,10,331,0,0.7268822638490862,0.23987362222635325,0,25.710024376124704,5.0,low,0
8,8,261,2,0.694407249143921,0.9231306642082997,0,31.42047341810845,5.0,critical,1
6,6,228,0,0.5662937929629583,0.927512153606717,0,31.11808080026132,5.0,high,0
3,8,145,1,0.6839498051560338,0.8241704507440819,0,27.161443290049128,5.0,low,1
1,5,482,3,0.717539832489795,0.20562336305089535,1,37.40408049054321,5.0,low,0
3,8,219,1,0.6819808219468313,0.2458242008620987,1,10.23660745252378,5.0,low,0
5,10,439,0,0.611093616925841,0.3801789618147918,0,34.96729201303475,5.0,medium,0
3,4,383,0,0.31026693993238463,0.3050795265159254,0,29.937392143071737,5.0,low,0
1,10,444,4,0.7109431953908056,0.5190688237629836,1,43.06356781024223,4.9,low,0
5,8,215,2,0.41791106959990376,0.9380984464702318,1,40.74173585409513,5.0,medium,0
10,10,322,2,0.7498031782630327,0.5776483473575986,1,15.46948435879628,5.0,critical,0
7,2,36,1,0.8315410295460062,0.2107221011457325,1,13.621272936319771,5.0,high,0
7,5,162,3,0.6503117163915191,0.4261965516630096,0,47.12853288299127,5.0,high,0
9,9,289,5,0.6796545654858168,0.23567592669836923,0,25.545096093474687,4.1,critical,0
10,4,309,2,0.9660349917661937,0.22903009809080174,0,43.55499578593575,5.0,critical,0
10,6,433,4,0.893017152960802,0.42057588247644184,0,8.284348629572904,5.0,critical,0
3,1,481,1,0.9399655611660289,0.4204898709431564,0,31.033898453008277,5.0,low,0
7,9,290,1,0.8696364018237104,0.8297012820812832,1,38.968358899627844,5.0,high,1
1,1,148,5,0.37624283929271196,0.9798677222248895,0,45.50127435535622,4.2,low,0
4,5,428,4,0.4042942991791363,0.49696567511199863,1,16.523656698308613,4.3,medium,0
4,4,23,3,0.6686366580882717,0.5431095030888309,0,34.93660557139249,5.0,medium,0
5,3,22,4,0.47224876115859876,0.8758315490288171,0,26.093617929381903,4.8,medium,0
7,6,261,3,0.6336868325288114,0.4145112160764107,0,3.379873988157239,5.0,high,0
7,2,82,4,0.5760557266728451,0.3251054435227584,0,33.27498752217481,4.5,high,0
4,3,375,4,0.6845899669013173,0.8824716987229204,0,33.27958651629756,5.0,medium,0
7,5,179,0,0.8228130012950758,0.2372004691520524,1,44.70382323021051,5.0,high,0
3,9,198,1,0.8008436349694921,0.6957595521595326,1,24.12234119302619,5.0,low,1
6,2,480,4,0.664863892739734,0.6495942779734454,1,11.436918733749447,5.0,high,0
2,10,117,5,0.8756753931719405,0.47673635800135544,0,2.6167816138122597,4.7,low,0
10,8,118,4,0.6016034640766232,0.4521516168778872,0,20.24300386758052,4.7,critical,0
9,2,226,2,0.9277000028880855,0.8174861809452971,1,14.841043253681336,5.0,critical,0
5,5,170,1,0.34989618903861475,0.26913968861003723,0,36.65169453613409,5.0,medium,0
6,7,439,2,0.9682620210233153,0.38942744744910834,0,17.327718829949713,5.0,high,0
4,8,323,1,0.7582851570019438,0.7859589854704718,1,45.580881824955085,5.0,medium,1
10,1,136,2,0.5660521562560437,0.6386564669811394,0,46.20973464191975,5.0,critical,0
7,6,389,4,0.43800788860101414,0.30239056682686916,1,29.993158035341132,4.2,high,0
9,1,268,4,0.6354282606105199,0.9057084914256481,0,44.611363633206935,5.0,critical,0
7,2,417,0,0.43619082622971067,0.5147582772508732,1,36.64058136443854,5.0,high,0
1,1,59,5,0.4164321254201995,0.8622947002577384,0,26.475832946318494,4.2,low,0
1,5,363,2,0.732146230189082,0.8301704124221669,0,9.06462693258196,5.0,low,1
9,10,135,3,0.6661593072072493,0.6995403571773824,1,22.2834023169074,5.0,critical,0
9,9,292,0,0.7690672242276592,0.5955849050360744,0,27.141537009724335,5.0,critical,0
4,6,270,2,0.9507241141953924,0.9836406723054056,0,41.538175084912986,5.0,medium,1
9,1,462,2,0.6725821493373281,0.31597205790385363,1,23.36333538544408,5.0,critical,0
3,1,471,0,0.7066524372839584,0.780124582040892,0,43.13954695220294,5.0,low,1
7,2,370,4,0.36273843740845946,0.3529525611718312,1,32.53157650361477,4.1,high,0
6,9,166,2,0.8023450501360407,0.4706104842658787,0,7.00745549504939,5.0,high,0
8,3,384,4,0.5799336447629093,0.4469589946985562,0,47.76161504294191,4.6,critical,0
9,1,485,0,0.9837076670638052,0.9576287901909784,0,25.54355138581085,5.0,critical,0
5,5,91,4,0.8762218109169622,0.9738849422306202,0,19.113269079431248,5.0,medium,0
1,7,59,1,0.6657367283612827,0.3464123553877817,1,31.80790381230251,5.0,low,0
3,6,480,3,0.3862558579205162,0.21762812823800337,0,5.672432414099356,4.5,low,0
10,1,292,2,0.9015910552964124,0.7760064317304904,1,30.735585720784332,5.0,critical,0
8,5,182,5,0.859846766796815,0.5343919470963875,0,24.166210023715465,4.8,critical,0
6,5,395,3,0.42920959067592307,0.2710721960700515,0,19.8170183249327,4.6,high,0
8,6,353,4,0.506694802454217,0.7470032844616341,0,45.76845100599771,4.8,critical,0
9,3,12,2,0.855385080703486,0.6360844226085598,0,25.32063654477253,5.0,critical,0
4,5,325,4,0.42965991258318675,0.984413457600885,1,10.908080274822074,4.8,medium,0
1,7,317,1,0.9424267424199642,0.38192759668910314,1,22.300765270421685,5.0,low,0
1,5,251,0,0.5971691976374534,0.5231823010612386,1,44.17090171720195,5.0,low,0
10,5,327,2,0.360927273811361,0.6340366427163384,1,8.864534888203247,5.0,critical,0
4,5,476,1,0.8710240504529965,0.8333599907626814,0,10.662959337691253,5.0,medium,1
7,10,475,1,0.5614567781268713,0.6390709253760469,1,1.1189044684614782,5.0,high,0
2,10,447,2,0.6685494359076467,0.6903201286895594,1,1.174027346298941,5.0,low,1
3,3,259,4,0.37861304108785343,0.3809176412719526,0,39.89610228052935,4.1,low,0
1,1,332,5,0.30180881039148766,0.8775349824708478,0,35.275823825040405,4.0,low,0
5,5,58,1,0.7465896440553084,0.5429044375763806,0,17.36445018146802,5.0,medium,1
1,9,253,3,0.6606226192336121,0.31276770201741544,0,33.669779968309705,5.0,low,0
8,1,243,1,0.715476998386203,0.7313503316043339,1,19.272281499723583,5.0,critical,1
1,3,233,5,0.8556206952663614,0.372872362548246,1,45.7625978098968,4.6,low,0
1,4,71,4,0.752624139396002,0.2780500081914398,0,46.43500236773666,4.8,low,0
2,1,55,4,0.42234140997916403,0.889589526723418,0,19.15770435094381,4.7,low,0
2,1,101,3,0.5525407633774199,0.5681298115907518,0,41.07554055119123,5.0,low,0
6,8,96,1,0.9341237733514323,0.7994269701566212,1,37.22172948062964,5.0,high,1
7,2,499,4,0.8389612901761752,0.4324700478450841,1,15.224997015659993,5.0,high,0
5,8,268,5,0.689645940555702,0.8295761079341331,0,11.521891872802534,4.7,medium,0
1,7,422,2,0.4789514984664906,0.28954874161722427,0,22.26614589365961,5.0,low,0
1,10,295,0,0.5114423512843564,0.4847786990358822,1,37.614069929184296,5.0,low,0
3,10,100,0,0.8123706473099441,0.9824494543788229,0,46.107969774615405,5.0,low,1
2,2,92,0,0.8958219825969396,0.835191773094405,0,36.7700057711622,5.0,low,1
5,6,82,1,0.76999726867143,0.5978047442517506,1,41.12233178837258,5.0,medium,1
10,6,292,3,0.8666709830379091,0.4718219772495081,0,29.145554543099536,5.0,critical,0
6,3,124,4,0.8366592946402842,0.8977085600179813,1,40.18187196500098,5.0,high,0
7,2,306,2,0.4047927775698704,0.6358782072676126,0,37.75999075516234,5.0,high,0
4,1,495,5,0.5967613690393114,0.806740014295289,0,18.406813241498305,4.5,medium,0
7,6,404,2,0.4070886605799938,0.8032861442529313,1,26.71953935073425,5.0,high,0
8,5,456,5,0.4646649093613894,0.21435654285479347,1,38.7257732945105,3.6,critical,0
1,9,169,1,0.9084817372557368,0.3010030262340908,0,2.687694874022928,5.0,low,0
6,1,186,0,0.6310243759432275,0.7277034931157937,1,38.883765911901925,5.0,high,1
8,7,473,1,0.6747506712898625,0.32929584902869713,0,8.949685892328613,5.0,critical,0
5,5,402,3,0.42491217565944045,0.4043946757244838,0,24.94747181326835,4.8,medium,0
4,5,227,3,0.5185902502341572,0.9573103633596858,1,38.893083378907036,5.0,medium,0
2,2,315,5,0.46117231789950897,0.6481458066999295,0,12.556501212443006,4.1,low,0
6,3,436,4,0.44433031516289845,0.8005836055994777,0,12.175853367042269,4.7,high,0
6,7,470,4,0.746572555321179,0.6463845910261119,1,19.631308926956965,5.0,high,0
1,6,11,5,0.47981869335200034,0.6420108918261802,1,42.99553288493764,4.1,low,0
9,2,334,3,0.7424108402142928,0.2753215281005583,0,0.5210321182673745,5.0,critical,0
6,6,267,3,0.34091822987598774,0.47493055408728246,1,43.31569709049191,4.7,high,0
3,2,165,3,0.3992420754689713,0.4259447189492094,1,7.805833670476369,4.7,low,0
4,2,155,1,0.49217817780008777,0.5125826924908906,1,47.529102863205395,5.0,medium,0
4,2,89,3,0.7179328418269841,0.8386753505794626,1,45.85523216932724,5.0,medium,0
3,3,151,2,0.7730888715611631,0.49754613433349193,0,23.997071505585957,5.0,low,0
10,2,116,0,0.609901876745669,0.5613574553853462,0,24.854211771099838,5.0,critical,0
3,4,385,3,0.6120536402040602,0.5179051123882532,0,23.37359366310308,5.0,low,0
3,9,407,5,0.8071617959790327,0.2747263775802365,1,30.683573168827323,4.4,low,0
4,6,40,0,0.3110747642359077,0.5528577266006269,1,4.809280856159224,5.0,medium,0
7,1,289,1,0.5387630171319544,0.35648741843561205,1,2.049352546224409,5.0,high,0
4,8,192,5,0.8730949399834629,0.34937863661843316,1,3.240889099755196,4.6,medium,0
9,7,86,0,0.7222535871493605,0.2752288835474131,1,21.607354088971935,5.0,critical,0
1,10,6,5,0.5360589929287942,0.4853367793134118,1,13.588527112925462,4.1,low,0
8,3,389,1,0.9338673546307716,0.8059855078315339,1,30.046879212622205,5.0,critical,1
7,1,307,2,0.8408359092145676,0.42115335246671687,0,47.641008745302,5.0,high,0
2,5,201,1,0.48542681306571334,0.4498792815084109,0,18.85035072113213,5.0,low,0
8,4,408,1,0.7517028862680017,0.714139726137939,1,27.757459569964386,5.0,critical,1
1,10,15,5,0.7170255097322696,0.35667265006953514,1,20.241185055598436,4.3,low,0
9,8,238,4,0.5808315398272879,0.9175663443388276,1,40.745404216788316,5.0,critical,0
9,1,390,3,0.5568692554433605,0.6161524186012436,0,43.35622916445631,5.0,critical,0
2,10,199,3,0.5404923323429928,0.5580823522561735,0,42.17439157974985,5.0,low,0
7,1,475,2,0.7320090483769528,0.6462561535433611,1,46.782681337264734,5.0,high,1
10,4,123,2,0.6096869555364686,0.3328274507329564,1,1.8071612941697264,5.0,critical,0
3,8,400,3,0.8823041792759954,0.6907785109113411,0,40.391267701912724,5.0,low,0
7,5,24,4,0.7687218312937733,0.4904805893072084,0,36.20917821935693,5.0,high,0
10,2,265,3,0.34895212399660386,0.9177490727716953,0,11.362984446517327,5.0,critical,0
9,6,297,4,0.7481177566797161,0.3350833653421489,0,45.92520443590756,4.8,critical,0
4,5,426,2,0.48980320555012935,0.6056408830923529,1,7.53845159092241,5.0,medium,0
1,2,260,0,0.7149683941573959,0.6784901034952144,0,32.77862153886065,5.0,low,1
2,3,226,5,0.7760923517724159,0.226706881429105,0,11.182285298755843,4.3,low,0
1,9,397,2,0.46158043240780844,0.49095449980491224,1,20.990580816768546,5.0,low,0
5,7,230,2,0.619801051416258,0.7861081877606664,0,34.660095104867025,5.0,medium,1
5,7,57,1,0.43322740397334747,0.8563020059591786,0,27.257920496569717,5.0,medium,0
7,6,432,1,0.33663721305055583,0.4505295958538259,0,20.806336988085306,5.0,high,0
9,8,359,1,0.5649334964401083,0.838874617906201,1,16.001075469269395,5.0,critical,0
9,4,346,5,0.5540609902921944,0.9742047016827111,0,40.38383364616754,4.6,critical,0
3,8,368,1,0.9968363434929799,0.8854991488600754,1,7.331181639953651,5.0,low,1
3,4,284,4,0.6124466458383495,0.29411519052746016,1,20.929886635165502,4.5,low,0
3,8,85,3,0.5334986846305403,0.7917842656684326,0,43.42848465931925,5.0,low,0
4,9,206,0,0.7063325047016722,0.4557334659524358,0,40.67785364684846,5.0,medium,0
8,3,162,2,0.3621371758754379,0.9907327915296613,0,19.544733717469718,5.0,critical,0
6,3,124,4,0.9731660151683692,0.5882871865279098,0,36.74764727106214,5.0,high,0
8,2,63,0,0.7444720319137231,0.29794711868715285,1,39.60013945867082,5.0,critical,0
1,10,498,4,0.8283864739585933,0.7801484384219126,0,42.72215264017241,5.0,low,0
8,3,219,4,0.41933455672174225,0.4584089587089711,0,26.36402402983833,4.3,critical,0
4,3,132,2,0.5866344971036427,0.9976625256653293,0,10.21189208759881,5.0,medium,0
1,5,228,3,0.5958823793773327,0.9838259662836175,1,12.627181133936753,5.0,low,0
8,5,213,1,0.8752645107307606,0.7249072144164646,0,14.5454970169762,5.0,critical,1
4,2,374,5,0.3008656758315866,0.3038611591613741,0,28.705617838456735,3.4,medium,0
6,10,119,3,0.5105971758472785,0.7494887981400233,1,2.0584571461089007,5.0,high,0
8,6,213,5,0.9868654620410127,0.2744243891680218,1,30.712017267048495,4.7,critical,0
4,5,18,2,0.632420580454353,0.22349132728191387,0,17.80682632534102,5.0,medium,0
3,6,13,2,0.5677683961708058,0.8583667569771889,0,14.523985618258003,5.0,low,0
9,1,44,2,0.3838803014123524,0.3678023581469451,0,42.276087109586,5.0,critical,0
3,5,454,0,0.981915240039611,0.503221700975278,0,22.35011379008795,5.0,low,1
9,9,241,5,0.31401844914807714,0.9787659119809387,0,5.015019662802907,4.1,critical,0
2,10,285,3,0.8160261575050702,0.46947240148888264,1,39.77047148124673,5.0,low,0
2,2,363,3,0.8380198633519558,0.4371918250266522,1,2.7629597282340637,5.0,low,0
2,1,205,4,0.4705597012447066,0.9345663996982203,0,35.02058814798934,4.9,low,0
6,10,250,4,0.770090910529126,0.2885987562551665,0,37.2605455341066,4.8,high,0
3,9,282,4,0.36505040106557296,0.8076659280917056,1,17.248623781620765,4.5,low,0
9,10,239,2,0.4799330865024559,0.9904524533222192,0,39.67742317319487,5.0,critical,0
4,9,498,3,0.8515313918045855,0.9210368086197191,0,24.993821778181537,5.0,medium,0
1,9,8,5,0.9052803344234781,0.7213343349651409,0,22.50644853045785,5.0,low,0
4,6,158,2,0.7259404888618539,0.45124863599418563,0,2.656655869762896,5.0,medium,0
1,8,446,0,0.6547869022743378,0.4034575849426534,0,14.27638669832303,5.0,low,0
5,1,33,4,0.4115128144332862,0.855404083897169,1,44.72297361705174,4.7,medium,0
4,10,113,2,0.3441763231554051,0.9038575311613564,0,19.11163825596625,5.0,medium,0
8,4,102,2,0.38235431993149105,0.6203479300365543,0,26.468274726446495,5.0,critical,0
8,1,219,0,0.45915011006726913,0.39547195262917295,0,25.77102975175196,5.0,critical,0
7,8,297,1,0.5391721513278446,0.2903545667289389,1,28.545476766577934,5.0,high,0
3,1,79,3,0.5666366678576911,0.26974357426546497,1,3.413220393055924,4.9,low,0
1,3,330,5,0.5424252380123025,0.7752619578830846,1,17.703372102939593,4.4,low,0
1,4,150,1,0.4673387325380859,0.53609498227818,1,34.84859300942132,5.0,low,0
3,8,132,4,0.6568069727261887,0.9242878994222963,0,10.026611925966689,5.0,low,0
6,6,345,2,0.8777002757630277,0.791737040581411,1,10.16997293345212,5.0,high,1
7,10,46,0,0.4957924769300354,0.3530083343316694,0,0.9793038177286746,5.0,high,0
6,7,360,0,0.9596709133715631,0.6910219350525593,0,21.280391513889963,5.0,high,1
6,8,45,3,0.9113356632066933,0.5484043635185275,1,42.42988308198755,5.0,high,0
6,2,426,1,0.4132349479464767,0.6617997846148904,1,2.965294820397178,5.0,high,0
3,10,38,3,0.850393169729966,0.7904552986708138,1,9.578138701060125,5.0,low,0
6,8,21,2,0.7022111676224366,0.8449567048030326,1,15.229015571280865,5.0,high,1
8,3,169,3,0.696602753519993,0.8749898611253795,1,35.256924986800115,5.0,critical,0
2,7,157,5,0.573729934140722,0.4031798996576198,0,30.93019065812286,4.1,low,0
5,3,490,0,0.6508070994274068,0.22489247993388617,1,20.257335467638114,5.0,medium,0
1,7,382,0,0.5780251442004477,0.7914357881318186,1,36.555774614772844,5.0,low,0
1,2,80,4,0.67781283313196,0.2850749810046197,1,29.45747305370284,4.6,low,0
5,10,91,4,0.7395650369408451,0.4519356708903741,0,43.061937983717904,4.9,medium,0
3,6,121,2,0.7720126644863339,0.20305370729947772,1,39.356270584087916,5.0,low,0
4,3,366,5,0.6727368347915983,0.745335585921296,0,12.508646289237026,4.6,medium,0
3,3,346,1,0.8049954471301122,0.333705609176977,1,13.39333243762451,5.0,low,0
1,9,473,3,0.39889463449285406,0.7242259277533265,1,6.454432600138317,5.0,low,0
1,7,31,2,0.44838774363156697,0.9933940937342711,0,16.505824471579185,5.0,low,0
5,5,317,4,0.8731145028519891,0.25813669728801303,1,47.97833613915698,5.0,medium,0
6,10,291,3,0.5257695844924906,0.2616624095611686,0,19.773180509215397,4.8,high,0
3,7,138,4,0.31602567748328414,0.47230407413333997,0,10.973200647732554,4.1,low,0
9,9,223,3,0.40765380476762175,0.8931092114010737,0,36.71793701258877,5.0,critical,0
5,1,172,1,0.45653010414741785,0.3724238950330655,1,26.267372664476163,5.0,medium,0
8,7,102,2,0.9701260215262111,0.48830225594427806,1,7.606068852530245,5.0,critical,0
1,6,272,3,0.7011290002515944,0.2548043253015837,1,18.582759855141123,5.0,low,0
5,10,241,5,0.9529115183333783,0.8105242330071116,0,20.18731148811881,5.0,medium,0
3,9,313,0,0.7026143453476374,0.5266450742075609,1,36.306910777037885,5.0,low,1
1,1,459,5,0.6355481080964962,0.8073989864486744,0,1.4818900223654619,4.6,low,0
4,4,398,5,0.5196093838358672,0.9228862754774361,1,13.278433222919748,4.5,medium,0
5,9,177,0,0.7244596611033629,0.38621051768103104,0,25.085824312487297,5.0,medium,0
7,4,405,5,0.39743861723227086,0.845916824271961,0,13.270220266510059,4.1,high,0
1,10,414,3,0.9287831391048942,0.24727511206260264,0,30.350617252402447,5.0,low,0
3,3,473,3,0.8805326835988985,0.919077910544198,1,23.38870526554429,5.0,low,0
2,9,480,3,0.5222720135137159,0.7206148380469979,0,17.681237105830082,5.0,low,0
9,2,194,0,0.966958269320906,0.8993813793106813,0,45.58740977634933,5.0,critical,0
10,4,126,5,0.8776405371908977,0.20015071964526554,0,30.527576211356727,4.5,critical,0
6,6,50,0,0.7664148200845278,0.335264856284794,0,6.672215182727208,5.0,high,0
10,2,68,3,0.3852333377876923,0.5118075099411936,0,27.104355628561287,4.8,critical,0
3,8,134,5,0.6347638161336506,0.5036023226997749,0,37.5847630270428,4.3,low,0
8,8,314,5,0.6542752883927256,0.38138430633880854,1,34.15326063090787,4.2,critical,0
8,1,367,4,0.462785950855766,0.5052895518937601,1,8.67423839152482,4.4,critical,0
2,3,197,4,0.3559757760515113,0.30307896960020386,0,46.68994995440491,4.0,low,0
6,10,311,1,0.8437065413301847,0.5302089034128208,1,21.818648172963783,5.0,high,1
7,9,185,2,0.38542453648707653,0.8418834633274115,1,8.053687677662412,5.0,high,0
2,5,296,4,0.7160035253932422,0.5832560504826809,0,9.059298321087025,5.0,low,0
10,6,375,0,0.9555144217185623,0.214400071156172,0,5.166162128981323,5.0,critical,0
2,4,286,4,0.9132736348186297,0.537155233263398,0,38.66711015065938,5.0,low,0
10,10,33,1,0.4944268366244828,0.22174001287267533,1,6.296448480287811,5.0,critical,0
1,2,153,5,0.8960140462858857,0.9729947285654386,0,6.44344971423298,5.0,low,0
8,8,271,1,0.3002327542843426,0.3019631675382952,1,40.89740170113979,5.0,critical,0
1,6,300,5,0.31238146672928,0.766150661064495,0,16.868694011259084,3.9,low,0
9,5,15,5,0.7217872146900055,0.9782210583136688,1,1.9657504546334412,4.9,critical,0
6,9,168,2,0.5553587534011706,0.8608312413332575,0,2.9650267271245165,5.0,high,0
7,1,117,4,0.5705225888114029,0.759452300100963,0,7.253096218435039,4.9,high,0
10,5,191,0,0.6951087634752178,0.8715687276006137,1,10.636184028845253,5.0,critical,0
7,6,299,0,0.43424771891430236,0.9854389546085021,1,32.094444226324256,5.0,high,0
10,5,236,3,0.4482287454658348,0.6970755978028237,1,7.972998300086841,5.0,critical,0
3,6,231,5,0.6392211109132053,0.6473478454634611,1,6.146533580910919,4.4,low,0
2,6,314,0,0.8279774810407041,0.7025904883706251,1,36.82415922012326,5.0,low,1
9,7,102,2,0.7336484259853113,0.6261407094092439,1,32.37512598334594,5.0,critical,0
8,4,59,5,0.5081485337657872,0.708071284727775,0,21.177900519123718,4.2,critical,0
10,8,115,2,0.6012360242562448,0.5598737663780474,1,26.592214145304936,5.0,critical,0
7,7,156,0,0.4194653309849989,0.37475454630664573,0,15.319240965504878,5.0,high,0
9,9,250,0,0.35224087003595717,0.29619778120934054,0,23.41876996117963,5.0,critical,0
4,7,410,3,0.8478872285209045,0.25467274842580834,1,24.566950826680426,5.0,medium,0
4,3,73,0,0.4857711864317362,0.4106526270025601,0,18.893770380959555,5.0,medium,0
1,3,316,5,0.4244364714958737,0.23689885146858708,1,43.56218000692773,3.6,low,0
8,8,293,5,0.7841326388985235,0.6537366239355085,1,1.262938586597792,4.7,critical,0
3,5,254,5,0.7326361720010302,0.42706275761881624,0,37.6531349968342,4.4,low,0
7,4,40,3,0.7432327382094248,0.8596278464696259,0,6.408184483962906,5.0,high,0
2,8,243,3,0.46022622339262953,0.25939269839070916,1,38.383499625516976,4.7,low,0
2,6,152,0,0.46285187699387664,0.38108119547318875,1,29.75581599464426,5.0,low,0
7,2,471,1,0.4545618408499474,0.7841969176721169,0,40.555709319479114,5.0,high,0
6,4,231,1,0.42162681696360615,0.6790466371067931,0,5.131930467942629,5.0,high,0
3,4,248,3,0.7590065707931594,0.25159301699933406,0,27.051580119739267,5.0,low,0
9,6,495,0,0.8936111196745808,0.9017915657297604,0,24.301674312454363,5.0,critical,0
10,6,341,1,0.8070222287736628,0.9018094102609437,1,34.044176190759536,5.0,critical,0
6,1,450,0,0.8544655436323803,0.4643264031006191,1,25.8788012149496,5.0,high,0
10,8,369,0,0.5833589003596398,0.4723246746796518,1,26.18489193882245,5.0,critical,0
10,6,495,0,0.7578530567603987,0.9912226866801392,1,20.905807319863072,5.0,critical,0
6,3,486,4,0.5479653683113421,0.7009409372745106,0,15.16963514034869,4.8,high,0
1,9,205,5,0.667853235378048,0.6250532164544473,0,23.40755715947913,4.5,low,0
4,2,158,0,0.6371443925744036,0.8705217468415396,1,6.128387041499028,5.0,medium,1
10,8,454,4,0.4238210016006981,0.4282322706858532,1,46.17188360169653,4.3,critical,0
6,10,77,3,0.5709551322349415,0.5433460747170855,1,34.43451127226342,5.0,high,0
6,3,205,1,0.9746755928376456,0.4142213403906674,1,45.74218804267272,5.0,high,0
5,5,300,5,0.47400618040045944,0.8313286772709851,1,11.269550660673255,4.3,medium,0
1,6,21,1,0.39366261539564207,0.6586794765081745,1,42.26869845838508,5.0,low,0
8,10,133,5,0.5930064351367547,0.7270600561120564,1,38.917524266768076,4.4,critical,0
5,6,221,1,0.8532364151021037,0.40184579987152524,1,32.6647395917395,5.0,medium,0
5,4,65,5,0.7075037608459805,0.3761802411018521,1,30.188886339047272,4.3,medium,0
7,3,431,1,0.7766823790667712,0.590699703186351,0,15.536109100223824,5.0,high,1
4,4,108,1,0.432786393722274,0.7900525992742615,1,39.27951228583896,5.0,medium,0
6,1,46,1,0.733263735105405,0.6201918060161282,0,24.321984420287357,5.0,high,1
4,4,29,1,0.5264502764380317,0.2261165420365349,0,3.8673498548360548,5.0,medium,0
3,1,43,3,0.8840123561683373,0.8948412050562311,1,15.361000140618675,5.0,low,0
7,1,295,0,0.7405091642075152,0.2517495148121053,1,44.926612180903064,5.0,high,0
8,10,135,2,0.4391993944427071,0.9646595869766019,0,40.9073123787302,5.0,critical,0
4,6,233,4,0.3452316758908603,0.2201135666218182,0,47.14052065863561,3.9,medium,0
2,5,112,2,0.3298432465009229,0.755560364904567,1,30.32968567369466,5.0,low,0
10,4,176,2,0.5599859973550985,0.26576565096942534,0,12.256728474169568,5.0,critical,0
3,3,439,5,0.4860957956580194,0.9285412635481116,1,8.23371485965103,4.4,low,0
1,1,482,0,0.7522630864237556,0.5715465889804343,1,9.378435928901927,5.0,low,1
8,6,106,5,0.6495336844850328,0.31001901985361235,1,1.4402937714945834,4.1,critical,0
3,2,358,0,0.4862134946037665,0.4726525598318773,0,19.057400271832112,5.0,low,0
10,8,16,0,0.40446644456512326,0.3318597402774096,0,9.592814823728268,5.0,critical,0
7,10,279,1,0.3890398338812147,0.336465529245672,1,20.053634371693366,5.0,high,0
10,5,105,3,0.9052622744982923,0.9584866561371539,0,44.912235512341354,5.0,critical,0
5,7,48,1,0.47043457788340703,0.5561968898278306,0,20.950659951591522,5.0,medium,0
10,10,447,3,0.7561974535376779,0.8310418111242877,0,42.204263606779655,5.0,critical,0
5,2,309,5,0.8674801495903863,0.7116844489421454,0,29.261476414254133,4.9,medium,0
7,8,449,3,0.7298569178293153,0.7411410898707138,0,12.238748846416115,5.0,high,0
9,2,21,5,0.901695662152862,0.30535475077763086,0,17.403101064812542,4.6,critical,0
5,4,334,2,0.5746756050699322,0.3873475574523886,0,4.486177951517897,5.0,medium,0
1,1,61,2,0.9693555334542638,0.8294002681235495,1,16.3394731958105,5.0,low,1
10,5,315,3,0.3932015029246678,0.9766129651798263,0,32.683194911417864,5.0,critical,0
10,9,307,3,0.37150467076027666,0.4101405140789214,0,3.925276914148171,4.7,critical,0
1,1,16,5,0.7610845023452104,0.4172550118008319,0,10.256566902706394,4.4,low,0
2,9,322,1,0.9599817989892832,0.5783177062487239,0,18.618449467132294,5.0,low,1
6,8,84,5,0.8662184231454295,0.9870722502843503,0,47.14735300825822,5.0,high,0
9,6,220,1,0.35349180160663596,0.4151671566611769,0,37.78093659054681,5.0,critical,0
8,7,343,2,0.49555739975430146,0.5255775277074111,0,35.340620458374936,5.0,critical,0
5,3,268,0,0.9512232193864765,0.9131840124988055,0,6.019070434958683,5.0,medium,1
1,1,483,3,0.4771409029605492,0.2023368260970896,1,37.59730494671209,4.7,low,0
7,5,153,1,0.8468192966508434,0.23181277199085565,0,37.80026854701072,5.0,high,0
5,2,85,5,0.8775925371500926,0.6832573416569754,0,29.052378042155592,4.9,medium,0
6,5,219,2,0.6468164724226872,0.9259041317702776,0,47.54218464492266,5.0,high,1
7,8,489,1,0.5704442368938207,0.39108532832154214,0,15.949560531416218,5.0,high,0
3,9,378,5,0.6150871026938317,0.5757134197445672,1,45.21044129148795,4.3,low,0
10,2,468,3,0.4588752860557549,0.5603722413262546,1,43.94972796043392,5.0,critical,0
3,3,202,3,0.9225736412901908,0.5783770768764082,1,1.0453313380954474,5.0,low,0
5,3,204,4,0.6154337597108305,0.6980157565837961,1,21.880535007553526,4.9,medium,0
6,1,29,0,0.9177216083192699,0.5757950103925471,1,46.91245106994973,5.0,high,1
9,8,470,4,0.3739854359343918,0.5579745130579663,1,5.3982647143836004,4.3,critical,0
5,6,93,2,0.9917926897000919,0.5794307363450084,1,26.519772983207673,5.0,medium,1
1,8,272,1,0.6102911612105327,0.6726939530168332,1,47.000481584452444,5.0,low,1
4,9,147,2,0.3334815742758738,0.6296059906810867,1,26.886032645028358,5.0,medium,0
5,5,63,5,0.32661529376621845,0.8833087981204035,1,9.516226891177409,4.0,medium,0
10,3,414,3,0.8223450802372869,0.23959748279493331,1,28.153703429398014,5.0,critical,0
10,5,493,4,0.7613248739425764,0.86665365717841,1,10.210927262603475,5.0,critical,0
5,5,369,4,0.8614913906893111,0.8751396900893793,1,25.185952487488002,5.0,medium,0
7,5,30,4,0.37375727376696416,0.4279264172247687,1,4.01700535083653,4.2,high,0
4,3,51,2,0.32489960692488384,0.5702815640126806,1,29.26042678768422,5.0,medium,0
1,10,292,3,0.6560055026133049,0.5508307908299483,1,25.047522108587515,5.0,low,0
5,4,270,1,0.5713166620379386,0.37480786748330425,0,35.657665016169496,5.0,medium,0
7,9,20,5,0.623362855669669,0.5174374776690531,1,30.45827238004229,4.3,high,0
10,10,203,1,0.9941118862091918,0.23551021773668357,0,26.606297755210942,5.0,critical,0
10,9,405,2,0.9795249703694691,0.4222576582253876,1,33.26449533928576,5.0,critical,0
6,2,411,5,0.9596207727712349,0.8533457403605744,1,7.337240894680965,5.0,high,0
5,8,286,4,0.8486898737373716,0.42764984141031803,0,28.779583909783693,5.0,medium,0
4,8,473,0,0.5483889521798233,0.854565334998598,1,8.67525363408194,5.0,medium,0
2,7,90,2,0.5884916511839401,0.6252795716835446,0,44.46230487296434,5.0,low,0
4,8,254,2,0.6847312306032471,0.903890141888928,0,3.7458699801661997,5.0,medium,1
10,3,395,3,0.881374119483388,0.6598236434115321,0,20.94280061031268,5.0,critical,0
10,6,274,1,0.3480989827627874,0.22373457845179187,1,33.55038018863363,5.0,critical,0
3,1,339,2,0.5970078201194217,0.7403361660376715,1,22.25605505424229,5.0,low,0
10,7,121,2,0.3578323644214881,0.23588285441885493,1,4.874524528562862,5.0,critical,0
1,1,11,4,0.6602603106014581,0.5604776151865072,0,26.7855032660186,4.9,low,0
8,9,141,4,0.9292305768043647,0.9435413555784913,0,30.97751566929934,5.0,critical,0
5,1,375,5,0.8477394471947566,0.33216315147028014,1,33.930134772049115,4.5,medium,0
4,1,180,0,0.45948969228017694,0.5118978823532353,1,18.229841186981048,5.0,medium,0
8,7,332,3,0.9831935947191546,0.7838882470787827,1,27.273848623866204,5.0,critical,0
7,2,319,0,0.7671452786324998,0.905806844875878,1,21.90760755959837,5.0,high,1
2,5,219,5,0.30729938957818215,0.7367544037940064,1,32.42266184073203,3.9,low,0
1,8,481,4,0.4787894392796537,0.4065386033529354,0,28.21895594792888,4.4,low,0
4,8,86,1,0.4824993099439415,0.7396862823329731,0,25.473420429058905,5.0,medium,0
8,3,227,4,0.34847801440010195,0.437382112883272,0,12.35240742481681,4.1,critical,0
2,7,482,3,0.9718785626531503,0.7747433838549882,1,0.595879593041111,5.0,low,0
3,3,376,4,0.6347787062031466,0.9632265020680324,0,8.76887957729289,5.0,low,0
1,6,427,3,0.9270702181603174,0.7771147608850306,0,6.060636967648011,5.0,low,0
1,6,487,3,0.5255508524112398,0.89030440232993,0,21.83152538801997,5.0,low,0
3,3,406,3,0.38766349930297894,0.20168307454070675,0,29.58226216118762,4.5,low,0
5,7,447,5,0.6320352769343497,0.7740576997852755,0,10.621537912528389,4.5,medium,0
3,3,494,3,0.379769644300022,0.8636700454922004,1,45.10521205844139,5.0,low,0
1,8,107,3,0.640210852084278,0.23244699003574515,0,0.8174011381346695,5.0,low,0
1,10,277,1,0.9442080268535853,0.8972781818305846,1,37.18429822035379,5.0,low,1
8,4,18,0,0.6645376992839489,0.4053553826480367,1,30.197226552696005,5.0,critical,0
10,1,163,2,0.7315498088265584,0.7322336815824442,1,18.24385304976489,5.0,critical,0
2,4,156,0,0.4096469058816658,0.8402839032187253,1,2.8982248595893765,5.0,low,0
3,7,487,3,0.33061493811597864,0.7301316104474844,1,30.30561215975327,4.9,low,0
2,4,112,1,0.3775655735258649,0.2738278336586058,0,18.81664186111828,5.0,low,0
3,6,192,4,0.7189721029790559,0.6770572150882948,0,44.97268912212791,5.0,low,0
7,9,305,1,0.36650818929461326,0.639666925377715,1,26.24452855726388,5.0,high,0
1,1,102,3,0.563195022958918,0.9202570144594173,1,45.13344678644164,5.0,low,0
10,5,135,1,0.6850643583207092,0.5233917837153674,1,10.972975439981944,5.0,critical,0
8,7,297,1,0.5720569590408928,0.4568648776696401,0,34.9719807422949,5.0,critical,0
10,1,175,3,0.414578661025711,0.799880611549173,1,29.81932849031447,5.0,critical,0
10,4,428,5,0.49165391525987456,0.5301402608667174,0,35.62189091698731,4.0,critical,0
10,6,478,1,0.9498222729940038,0.7168769400040504,1,10.696723538695498,5.0,critical,0
2,2,187,2,0.7731875929104487,0.7171600720996856,0,32.08723952129425,5.0,low,1
3,10,475,2,0.6472334870759205,0.9104312514880943,1,24.156918670201275,5.0,low,1
9,5,368,1,0.30890042299082543,0.6789539218552779,0,35.784186308050025,5.0,critical,0
7,10,43,5,0.994690780342629,0.6017228879695895,1,16.034620597211344,5.0,high,0
4,1,19,4,0.7700184544262503,0.31109706111721364,0,42.777708709599494,4.9,medium,0
10,6,380,3,0.5218457341414614,0.2925900853429643,0,4.504312444039143,4.8,critical,0
5,6,8,2,0.9154880619984866,0.32345725222646354,0,38.841492642581436,5.0,medium,0
2,4,353,4,0.48090213420427264,0.3374787850616756,0,41.412682226216816,4.3,low,0
8,8,474,1,0.6808116054279261,0.7103016741309072,0,39.319484789924005,5.0,critical,1
4,4,413,4,0.7452495346108775,0.7927850002196628,0,24.85450372743436,5.0,medium,0
9,8,401,0,0.45474436001760987,0.623993218341135,0,21.323286551461162,5.0,critical,0
5,8,214,2,0.984878095160417,0.8632141860363929,1,47.82245860993165,5.0,medium,1
9,5,165,1,0.8237343341852983,0.9930105813869066,1,11.3856676826727,5.0,critical,0
4,4,20,3,0.6904692578577489,0.8560101032954848,1,26.47660837911212,5.0,medium,0
10,2,497,5,0.4264162187227106,0.7559058989407674,1,32.35708745566046,4.1,critical,0
5,3,430,1,0.3377007448986183,0.6259941595497174,1,33.79121270341802,5.0,medium,0
9,3,112,3,0.5240418827646884,0.5590824573397666,0,10.191171622582488,5.0,critical,0
8,4,386,5,0.827231135139382,0.2675139044356339,0,31.564719386140556,4.4,critical,0
3,4,454,5,0.4885319088114175,0.5194949987157528,0,39.37255440786352,4.0,low,0
1,10,315,1,0.6776893543468536,0.9281077094257075,0,2.87588239900283,5.0,low,1
3,5,231,4,0.8095630237115201,0.8464181039252423,0,43.79726143295253,5.0,low,0
4,4,174,4,0.375560600252525,0.3728410920093498,1,1.9014426193972818,4.1,medium,0
2,10,38,5,0.7797086112811114,0.5732862277577727,1,17.40862404319873,4.6,low,0
1,8,418,4,0.36430962139703127,0.8533785620468357,1,1.2511268210656983,4.6,low,0
7,6,255,0,0.9755908194888976,0.253907643828418,1,4.1643955056301385,5.0,high,0
8,6,251,5,0.6418758910454576,0.5099140685349275,0,43.780493546053755,4.3,critical,0
7,8,273,5,0.40547327539691413,0.8814729894991582,0,17.35588946044202,4.2,high,0
5,7,145,3,0.5396685452234825,0.523118291336099,0,20.676647695190013,5.0,medium,0
1,10,278,4,0.589391514506683,0.2620917157851527,1,10.72885811567125,4.4,low,0
7,10,420,5,0.8307295077535761,0.6340274948258011,0,28.862049083869188,4.8,high,0
7,8,100,0,0.8203966502536264,0.8893939959346364,1,28.753152697195006,5.0,high,1
9,2,231,3,0.7283583537361317,0.6722284343625278,0,18.179518611697915,5.0,critical,0
3,9,383,1,0.37415149879094506,0.38102328657138546,0,16.31915641075642,5.0,low,0
